{
    "$schema": "https://schema.management.azure.com/schemas/2015-01-01/deploymentParameters.json#",
    "contentVersion": "1.0.0.0",
    "parameters": {
        "diskName": {
            "value": "coba_disk"
        },
        "location": {
            "value": "southeastasia"
        },
        "sku": {
            "value": "Premium_LRS"
        },
        "diskSizeGb": {
            "value": 512
        },
        "sourceResourceId": {
            "value": ""
        },
        "hyperVGeneration": {
            "value": ""
        },
        "diskEncryptionSetType": {
            "value": "EncryptionAtRestWithPlatformKey"
        },
        "createOption": {
            "value": "empty"
        },
        "zone": {
            "value": "1"
        },
        "dataAccessAuthMode": {
            "value": "None"
        },
        "networkAccessPolicy": {
            "value": "AllowAll"
        },
        "publicNetworkAccess": {
            "value": "Enabled"
        },
        "tier": {
            "value": "P20"
        }
    }
}